director_id,director
52038,Thomas Carter
3415,Jerry Zucker
933320,Eldar Rapaport
74272,Goran Dukic
39104,Abel Ferrara
86035,Maria Maggenti
3905,William H. Macy
1192754,Peter Landesman
56789,Thomas Bezucha
8,Lee Unkrich
154,Walter Murch
1921,George Nolfi
12080,Conrad Vernon
3964,Patrick Tatopoulos
736,Menno Meyjes
20766,Richard E. Grant
30422,Jack Smight
9915,Guy Hamilton
6046,Roland Emmerich
66218,Jennifer Flackett
3974,Miloš Forman
94917,Mitchell Altieri
17871,John Hamburg
65390,Scott Kalvert
2228,Sean Penn
78997,Leon Ichaso
4746,Robert Lorenz
59,Luc Besson
4014,Paul W.S. Anderson
35694,Jason Friedberg
112632,Eddie O'Flaherty
66512,Tom Brady
1978,Iain Softley
67767,Hal Needham
32277,Geoff Murphy
1288796,Gerard Johnstone
57142,Andrew Marton
69498,Mike Bigelow
36697,Gábor Csupó
135601,Troy Nixey
61921,Courtney Solomon
2388,Jonathan Frakes
70573,Paul Hunter
640,Chris Kentis
61290,Matthew O'Callaghan
75919,Hal Haberman
151017,Stevan Mena
9033,Christopher McQuarrie
504,Tim Robbins
16304,Brian Koppelman
21693,Motonori Sakakibara
108952,Mike Disa
59841,Matt Walsh
54472,Martin McDonagh
18533,Errol Morris
54559,Christian Alvart
1776,Francis Ford Coppola
41041,Christopher Smith
15892,Dan Fogelman
73161,Frank Nissen
114614,David Nixon
48583,Anne Fontaine
76422,Ric Roman Waugh
105648,Nat Faxon
7426,Duncan Tucker
18864,Tom McGrath
1291685,Taedong Park
11013,Dan Harris
6361,Nick Hamm
62854,Akiva Schaffer
115226,Eric Mendelsohn
2163,Richard LaGravenese
17633,Rob Marshall
113600,Susanna White
1585252,Rob Hawk
82579,Kevin Tenney
47503,Nancy Walker
30711,Kenneth Lonergan
101233,Michael Winnick
64195,Joseph Zito
65531,Eric Goldberg
89113,John Robert Hoffman
59958,Jamie Blanks
69579,James Isaac
7256,Lee Tamahori
77147,John Erick Dowdle
64139,Joshua Michael Stern
133293,Paul Bolger
69168,Leonard Farlinger
21958,Mark Rydell
72624,John Duigan
17447,Terry Zwigoff
54781,Allison Burnett
1708905,Pece Dingo
70250,Newt Arnold
5281,Spike Lee
1219158,Scott Smith
971918,Tyler Oliver
83198,Allan Arkush
7467,David Fincher
1788,Nicholas Meyer
10723,Mike Newell
35318,Ken Annakin
34110,Oren Moverman
1009255,Jason Trost
72205,Shari Springer Berman
13015,Phillip Noyce
136345,Sean Byrne
225556,Salim Akil
69099,Dan Ireland
57370,Frank Coraci
66039,Damon Santostefano
71871,Sergei Bodrov Jr.
71082,Andrea Arnold
19969,Pat O'Connor
1375201,Ken Scott
10808,Stephen Norrington
56714,Daisy von Scherler Mayer
16328,Adam Brooks
42745,Steve Antin
131521,Spencer Susser
11435,Howard Hawks
11676,Mark Pellington
18889,Mic Rodgers
69371,Jean-Marc Vallée
107630,William Phillips
75920,Jeremy Passmore
105643,Jay Oliva
71947,Gina Prince-Bythewood
4955,Dario Argento
22423,Herb Freed
134129,Benny Boom
113682,Christopher Hutson
30458,Henry Bean
20192,Brian Taylor
932088,Scott Speer
4429,Jim Jarmusch
1,George Lucas
17183,Jackie Earle Haley
10828,Guillermo del Toro
19244,Michael Winner
239571,Carl Rinsch
592493,David Lowery
84113,Charles Robert Carner
716,Emile Ardolino
124747,Pierre Coffin
144277,Fina Torres
29226,Julian Jarrold
52159,James D. Stern
12891,Joss Whedon
20646,Gabriele Muccino
75544,Jeremy Sims
228134,Rupert Sanders
160942,Norman Wright
33036,Roland Suso Richter
82033,Jon Hess
77919,Tim McCanlies
9158,Sharon Maguire
56717,Tom Vaughan
1040955,Valeri Milev
36804,Peter Chelsom
71570,Justin Chadwick
141673,Jason Eisener
31120,Robert Adetuyi
1232592,Chris Eyre
204325,Jay Alaimo
71872,Jeff Nichols
11401,John Woo
7671,Jeb Stuart
26767,Ringo Lam
1280037,Kate Barker-Froyland
11218,Alfonso Cuarón
585272,Adam Rapp
1152981,Graham Annable
5690,James Algar
67367,Rian Johnson
11649,Cameron Crowe
12677,Matthew Robbins
141169,Sngmoo Lee
57692,Neal Brennan
129716,Julio DePietro
53176,John Gatins
1174437,Neill Dela Llana
93214,Steven Quale
52894,Laurence Dunmore
63709,Craig R. Baxley
518,Danny DeVito
101518,Kevin Tancharoen
2036,Alex Garland
77162,Rodrigo García
235820,Christopher Spencer
57433,George Ogilvie
51795,Tom Elkins
101377,Paul Bartel
82194,Neill Blomkamp
5602,David Lynch
1299380,Nima Nourizadeh
107274,Richard Rich
136495,Damien Chazelle
124748,Chris Renaud
133183,Robert Lee King
74062,Marcos Siega
47773,Paul Mazursky
60237,John A. Davis
111247,Alan Cohn
69987,Jérôme Salle
65630,Rob Letterman
113907,Ian Sharp
7881,Jill Culton
5065,David Frankel
15361,Josef Rusnak
229198,Russell Holt
15488,Ken Loach
59413,Ben Garant
74600,Joshua Tickell
230059,Matty Rich
26502,Howard Deutch
107725,Harmage Singh Kalirai
140372,David Palmer
30368,Jon Kasdan
7,Andrew Stanton
10491,Paul Verhoeven
22676,Ole Bornedal
19450,Bob Rafelson
49555,Petter Næss
208113,Sarah Smith
57742,John Stevenson
52935,John Francis Daley
588701,Des McAnuff
33054,Keith Gordon
18281,Donald Petrie
19012,Davis Guggenheim
37362,Henry King
4499,Tom Shadyac
72258,Steve Boyum
6431,Darren Aronofsky
1090,John McTiernan
142007,Steve Trenbirth
7879,John Lasseter
641437,Alex Smith
87081,Dave McKean
57199,Mark Mylod
84769,Michael Worth
4956,Bernardo Bertolucci
58251,Elaine May
55116,Joe Chappelle
57113,Dan Gilroy
1111710,Brenna Sanchez
38023,Michael Patrick King
56349,Victor Salva
1044256,Lisanne Pajot
34517,Trey Parker
68457,James Frawley
86038,Josh Crook
3131,Antonio Banderas
8636,Cecil B. DeMille
88832,Kyle Rankin
32532,Brad Lewis
29214,Anne Fletcher
16294,Jonathan Demme
64030,Kelly Makin
2880,Emilio Estevez
32983,Douglas McGrath
53120,James DeMonaco
66563,Fred Wolf
220274,Patrick Meaney
87082,Jim Mickle
125637,Brian Baugh
131455,Valerie Red-Horse
239418,Darren Stein
1523137,Robert Fontaine
58547,Niall Johnson
3289,Paul Weitz
67316,Masayuki Ochiai
66605,Todd Solondz
54507,Jon M. Chu
66190,Tony Bancroft
1504620,Giovanni Zelko
1263110,Travis Legge
73588,Marc Schölermann
57997,Malcolm Goodwin
586066,Doug Block
1053020,Sterling Van Wagenen
68994,Ron Fricke
19840,Alejandro Amenábar
67106,Robert Sarkies
75699,Lisa Cholodenko
74105,Ricki Stern
68750,Robert Townsend
18311,Joe Roth
6980,Émile Gaudreault
449832,Hayley Cloake
11430,Jim Handley
1009253,Jason Trost
8246,Barry Levinson
1724,Roger Spottiswoode
59521,Jaume Collet-Serra
240740,Daniel Junge
133406,Dan Rush
23799,Uwe Boll
27571,David Slade
86482,Mark Tonderai
57865,Álex de la Iglesia
15148,Jon Amiel
96439,Nanette Burstein
56591,Danny Leiner
1288774,Cary Bell
1111709,Tom Putnam
84451,Leon Ford
223,Alejandro González Iñárritu
57594,John Cornell
9049,Victor Fleming
84981,Brian Trenchard-Smith
82839,Henry Alex Rubin
45117,John Carney
14674,George Cukor
26713,Chuck Russell
58628,Sara Sugarman
66514,Adam Jay Epstein
1434676,Terron R. Parsons
79434,Craig Zobel
55117,Matthew Bright
15219,Marc Abraham
70890,Adam Green
2689,Jeff Nathanson
686,Willard Huyck
20218,Eric Bress
54441,James Ivory
22012,David Worth
5953,Spike Jonze
27005,Don Michael Paul
36083,Kevin Allen
52934,Nicholas Stoller
85242,Kevin Jordan
15056,Michael Gornick
139135,Lena Dunham
133259,Arthur Hiller
134156,Sam Miller
52405,Michael Hoffman
57885,Michael Wadleigh
3224,Stephen Frears
646785,Kim Nguyen
293911,Scott Waugh
88142,Vipul Amrutlal Shah
50460,Michael Mayer
137467,Ben Wheatley
57405,Jeff Schaffer
1283831,Antonio Simoncini
70287,Will Finn
185438,Genndy Tartakovsky
4755,David R. Ellis
15775,Kevin Lima
1201,Garry Marshall
17608,Rowan Joffe
11809,Rupert Wainwright
17278,Nick Gomez
52443,Jason Reitman
11266,James McTeigue
31493,Alex Cox
929917,Lee Sternthal
129715,Agnieszka Wojtowicz-Vosloo
32813,Dominique Othenin-Girard
1023720,Johnny Remo
664,Frank Marshall
9198,Vincent Ward
133398,Quentin Dupieux
7191,David Webb Peoples
117794,Chris Morris
7930,Jan Pinkava
1271,Andy García
2352,Jean-Jacques Annaud
21305,Lloyd Bacon
15812,Roger Allers
19000,Wayne Kramer
57436,Christopher Leitch
544748,Caryn Waechter
18356,Stephen Herek
60074,Jeff Garlin
33315,Richard Loncraine
557818,Jonathan Kesselman
145045,Robert Heath
42171,Jonathan Kaplan
86688,Levan Gabriadze
28902,Gregory Widen
1343882,James Manera
51894,Juan Antonio Bayona
8029,Jimmy Hayward
64722,John Carl Buechler
930627,Youssef Delara
125738,Daniel Espinosa
26849,Daniel Myrick
3092,Diane Keaton
1149038,Duane Journey
10179,John Glen
228797,Richard Kwietniowski
95723,Richard Wallace
53925,Jared Hess
19274,Seth Rogen
112630,Dean Wright
55710,Adam McKay
21031,Alejandro Agresti
4453,Thomas Vinterberg
33433,Scott Hicks
57130,Todd Phillips
77300,Michael Schultz
58189,Justin Lin
28239,David Twohy
122449,Steve James
1498767,Khalil Sullins
17042,Greg Harrison
61069,Miguel Arteta
1577,Richard Kelly
144221,Brad Furman
37360,Henry Hathaway
7409,J.B. Rogers
68352,Carter Smith
930701,Marius Markevicius
2209,Jan de Bont
1216735,Paul Abascal
1354171,Henry Hobson
938649,Amanda Gusack
18865,Louis Leterrier
45627,Nelson McCormick
107414,Philip Saville
27846,John Herzfeld
15557,Bill Condon
56578,Jeff Tremaine
96745,Stephen Milburn Anderson
40863,Joe Swanberg
3227,Steve Pink
87191,Billy Kent
71339,Rick Bieber
64815,Robert Iscove
59412,Michael Patrick Jann
97026,John Luessenhop
116370,Matthew Diamond
19665,John Boorman
17281,Mike Hodges
30870,Dave Payne
132857,Eric Wareheim
52479,Eli Craig
65310,Kenny Ortega
545261,Cassandra Nicolaou
33254,Jim Gillespie
5045,Dan O'Bannon
67750,Liliana Cavani
42952,Michael Burke
566328,Michael Sucsy
51864,Kasi Lemmons
110618,Cyrus Nowrasteh
19006,Rachel Grady
229182,Andrew Leman
98094,Brett Piper
54710,Jody Hill
42,Lars von Trier
84697,E.L. Katz
65615,Wych Kaosayananda
59023,Stewart Raffill
96222,Laurie Collyer
2053,Bill Paxton
131668,Nathan Frankowski
66880,Thorbjørn Christoffersen
79726,John D. Hancock
24173,Mike Binder
65317,Jake Scott
77277,Nate Parker
142272,Henry Joost
11151,Nick Cassavetes
2087,Richard Fleischer
19800,Richard Marquand
12833,Edward Burns
45996,Ryûhei Kitamura
53069,Anna Boden
28898,Michael Radford
120615,Tom Ford
3288,Chris Weitz
9789,Robert Altman
71797,Alex Gibney
94108,Dennis Iliadis
41550,Andrew Bergman
486,Wallace Wolodarsky
62369,Olatunde Osunsanmi
1110059,Travis Romero
12099,Raman Hui
6038,Greg Strause
16860,Miranda July
56828,Christopher Cain
20219,J. Mackye Gruber
56435,Stephen T. Kay
36693,Richard Eyre
582527,Eric England
114615,Patrick Doughtie
210562,Catherine Jelski
50942,Gregory Poirier
1187357,James Kerwin
432629,Shintaro Shimosawa
2662,Frank Capra
33341,Rick Rosenthal
15531,Ossie Davis
67813,Baltasar Kormákur
64735,Rob Hedden
1162816,Deborah Anderson
8858,Ivan Reitman
7775,Stephen Sommers
31497,John Cromwell
4135,Robert Redford
33279,Danny Cannon
15115,Stefan Ruzowitzky
1199049,Anthony Silverston
1223175,Elizabeth Allen Rosenbaum
17845,Michael Meredith
40243,Gil Junger
82219,Luis Valdez
43439,Scott Ziehl
7018,Richard Curtis
86195,Peter Merwin
22140,Kari Skogland
1027737,Robin Budd
85675,Rajkumar Hirani
232216,Carmen Marron
18738,George Stevens
78485,Jeff McGrath
67897,Jeff Kanew
1201090,Sherman Alexie
17246,Phil Morrison
7395,Bobby Farrelly
62721,Andrew Douglas
58868,Troy Miller
12058,Vicky Jenson
587800,Todd Lincoln 
10765,Andrzej Bartkowiak
934,Russell Crowe
558540,Mike Bruce
58040,Bruce Malmuth
107447,Michel O. Scott
13079,Gavin Hood
1085904,Ramaa Mosley
13776,John Frankenheimer
64149,Peter Hastings
85925,Hilary Brougher
4910,Michael Clancy
57138,Tony Bill
2380,David Carson
126945,Brian Percival
82286,Marc Levin
558559,Al Silliman Jr.
57206,Sally Potter
60496,James Gartner
168798,Josh Schwartz
769,Martin Brest
2460,Randall Wallace
21198,Peter Sohn
11432,T. Hee
52691,Anthony Stacchi
76998,James Marsh
1193602,Gia Coppola
19841,Mateo Gil
105239,Stuart Hazeldine
121473,Jamal Hill
144430,Paul Donovan
12962,Jon Turteltaub
1867383,Rohit Jagessar
558929,David Robert Mitchell
59923,Marc Forby
45572,Ruggero Deodato
1514635,C. Fraser Press
1102620,Christopher Bessette
13581,Brian Levant
71267,Kirk De Micco
35155,John Gray
57446,Mark Romanek
1043404,Michael Roemer
75035,Olivier Megaton
100516,Max Mayer
2176,Tommy Lee Jones
1155992,Zoran Lisinac
56453,John Bonito
1027738,Donovan Cook
10367,John Waters
111686,Jim Field Smith
58453,Peter Faiman
58729,Albert Magnoli
74619,Sean Anders
9032,Bryan Singer
150003,Graham Heid
36147,Charles T. Kanganis
6111,Mike Figgis
40864,Andrew Bujalski
1617,James Schamus
1704,Gore Verbinski
18357,Peter Hewitt
9956,Chris Marker
99240,Stephen Langford
56911,Les Mayfield
69797,Dean DeBlois
71329,Jonas Åkerlund
938681,James Duffy
47974,Bob Spiers
1223224,Lee Matthews
62797,John Gulager
83415,Michael McGowan
66548,Paul Weiland
57633,Rawson Marshall Thurber
5656,Noah Baumbach
50583,Adam Rifkin
6201,Baz Luhrmann
35452,Corey Yuen Kwai
2746,Elia Kazan
455,Paul Haggis
1551346,Matthew Robinson
51866,Rick Famuyiwa
13294,Gene Kelly
73499,Bruce McCulloch
70777,Kevin Rodney Sullivan
2239,Anthony Minghella
226599,Norman Ferguson
20629,George Miller
52842,Garth Jennings
974,Dexter Fletcher
12988,Paul Michael Glaser
17825,Shawn Levy
56146,Gaëtan Brizzi
12804,Peter Yates
64856,Michael Jai White
90591,Oren Peli
58712,Steve Miner
13,Albert Brooks
12708,Peter Billingsley
1524,Harold Ramis
1156260,Brad J. Silverman
21905,Danny Pang
71901,Douglas Aarniokoski
42712,Tony Giglio
227936,Benedek Fliegauf
116186,Lowell Sherman
57832,Daniel Lee
16483,Sylvester Stallone
4760,Deepa Mehta
83467,William A. Graham
95458,Gary Hardwick
108217,Jerry Rees
25527,Jason Connery
18823,Dagur Kári
7187,Richard Donner
56735,David Moreau
1314011,Nathan Smith Jones
7908,Frank Oz
130530,Christian Sesma
221944,Katie Aselton
1062889,Bill Muir
1354959,Justin Tipping
50767,Craig Gillespie
185995,Michael Walker
7324,Pan Nalin
59410,Bob Odenkirk
74638,Karen Moncrieff
939123,Kat Coiro
1167470,Gary Shore
77965,Morten Tyldum
64152,Robert Stevenhagen
4385,Sergio Leone
86262,Michael Kang
18250,Jon Avnet
69696,Daniel Algrant
17494,Dennis Dugan
19346,Niels Arden Oplev
84931,Michael Cuesta
58518,Blair Hayes
80538,Jean Duval
77121,Randall Miller
4586,Pitof
58689,Neil LaBute
77269,John Crowley
9054,Mervyn LeRoy
1018660,Tanner Beard
31033,Oxide Pang Chun
2917,James Whale
40345,Don Bluth
44848,Angelo Pizzo
52803,Etan Cohen
40385,Marcia Bennett
52139,Seth MacFarlane
1179066,Wes Ball
19272,Joe Russo
74063,Daniel Taplitz
62773,Anna Mastro
1517664,Natalie Bible'
96172,Sam Levinson
87742,Marc Webb
66088,Ronald F. Maxwell
8482,Robert Mulligan
18863,Eric Darnell
57895,Robert Harmon
155747,David M. Matthews
57691,Tamra Davis
1046935,Kim Longinotto
36425,McG
87183,Mark Young
76624,Shane Carruth
54240,Tamara Jenkins
94918,Daniel Barber
84369,Eugene Jarecki
237393,James Bidgood
15780,Dan St. Pierre
21246,Corbin Bernsen
27745,Robert C. Cooper
2710,James Cameron
56539,Nicole Holofcener
1255,David Mamet
2171,Griffin Dunne
7501,Ronald Neame
55520,Nae Caranfil
33485,Ron Underwood
18500,Phil Joanou
86164,Mitch Davis
42274,Nick Hurran
1562428,James O'Brien
27991,Stuart Gordon
26481,Anand Tucker
10943,Francis Lawrence
8574,Walter Salles
56502,Peter Spierig
7911,Joe Ranft
22669,Julien Temple
6733,Dan Mazer
101810,Benjamin Dickinson
151232,Wil Shriner
12824,Don Hahn
65452,Mike Leigh
232858,Sarik Andreasyan
41530,Nick Love
510,Tim Burton
11701,Angelina Jolie
217174,Paul Tibbitt
20237,Beeban Kidron
1082114,Timothy Bjorklund
27977,Leos Carax
66654,Kevin Donovan
565297,Jeff Newitt
17108,Jonathan Caouette
21377,Peter Medak
564082,Francesca Gregorini
54795,Troy Duffy
80013,Trevor Matthews
1404799,Vicky Jewson
162102,Myles Berkowitz
74058,Charles Ferguson
1927,Blake Edwards
492,Janusz Kamiński
51996,Brian Klugman
930212,Jon Erwin 
11770,John Carpenter
2199,Scott Frank
32765,Tony Richardson
30715,Terrence Malick
10855,Chris Gorak
74152,Christine Jeffs
51917,Larry Clark
76100,Ben Stassen
74569,Joby Harold
78108,Isaac Florentine
23213,Harold Becker
4483,Dustin Hoffman
11426,Ben Sharpsteen
80602,Tyler Perry
525,Christopher Nolan
1271492,Philip Zlotorynski
33317,David Leland
21415,Robby Henson
81853,Shigeyasu Yamauchi
1071,Tom Tykwer
65702,Kent Alterman
84021,Paul Gross
56512,Tarsem Singh
2178,Forest Whitaker
58667,Wayne Beach
14999,George A. Romero
61571,Barry Skolnick
77911,Deb Hagan
1152,Oliver Stone
22100,Hugh Johnson
578,Ridley Scott
130858,Danny Perez
132876,Brad Peyton
240,Stanley Kubrick
3110,Allison Anders
58912,Matthew Hastings
54967,Sam Weisman
62020,Jack Sholder
2127,James Wan
9855,Terence Young
111085,Jean-Jacques Mantello
1182832,Anthony Powell
26095,John Patrick Shanley
71280,Michael Dowse
17268,Ronny Yu
93133,Christopher Scott Cherot
1002001,Frank Lotito
12453,Wong Kar-wai
1365766,Barrett Esposito
86439,Norton Virgien
21136,Michael Cristofer
101399,Claudia Llosa
123694,Rob Pritts
10702,Martin Campbell
76595,Byron Howard
78488,Cathy Malkasian
99339,Ken Shapiro
82221,Brendan Malloy
688807,H.M. Coakley
57741,Mark Osborne
88077,Alex Zamm
23430,Timur Bekmambetov
3146,Billy Wilder
1378892,Jerry Dugan
1101410,Dave Green
642,Laura Lau
109857,Thor Freudenthal
202,Charlie Kaufman
76009,Arie Posin
137392,Nickolas Perry
11805,Frank Whaley
929825,Ava DuVernay
53068,Ryan Fleck
137262,Steve Purcell
33064,Henry Koster
80923,Måns Mårlind
10051,Tobe Hooper
86203,Bart Freundlich
3893,David S. Goyer
1171387,Thomas L. Phillips
36422,Luke Wilson
6778,John Guillermin
656971,Joseph Dorman
78023,Michael Herz
1424519,Jerome Elston Scott
53332,Frank Passingham
150,RZA
80924,Björn Stein
17350,Kevin Macdonald
56956,Michael Cohn
1284099,Gillian Robespierre
1184351,Georgia Hilton
18184,Xavier Gens
35734,Aaron Seltzer
74589,Chris Paine
84515,Katherine Brooks
18342,Todd Graff
52049,Jay Chandrasekhar
52112,Steve Carr
6349,Alan J. Pakula
1206,Jason Alexander
12524,Chris Carter
72133,Vicente Amorim
97966,John 'Bud' Cardos
999812,Bradley Parker
1027017,Dan Cutforth
1139506,Florence Ayisi
154705,Chris Butler
1557430,Chad Kapper
45405,Jay Duplass
119665,Gregory Jacobs
55789,Tate Taylor
1039527,Tyler Gillett
60438,Michael Landon Jr.
48965,Anthony Hickox
1224,Ethan Coen
80215,Charles Stone III
14773,Don Siegel
11558,Eugène Lourié
1011158,Florent-Emilio Siri
14520,John Sturges
81718,Mamoru Hosoda
36588,Joe Wright
130938,Sergei Bodrov
909318,Andrew Erwin
1385666,Rita Merson
1281387,Clay Kaytis
2589,Terry George
5306,Lasse Hallström
131856,Ashish R. Mohan
18679,Mark Tarlov
61087,Mennan Yapo
106491,Mark Griffiths
77964,Mike Barker
303056,Craig Johnson
129952,Sean McNamara
74341,Matt Maiellaro
37577,Bigas Luna
54590,Steve Rash
64131,Courtney Hunt
177532,Marielle Heller
8296,Christophe Gans
21126,Frédéric Auburtin
1749,Leonard Nimoy
57604,Joel Gallen
69144,Scott Marshall Smith
138781,Robert Eggers
123991,Steven Greenstreet
36805,Audrey Wells
64045,Kirk Jones
172,Michael Winterbottom
16834,Allen Coulter
116805,Paul Feig
5575,Akiva Goldsman
52941,Rob McKittrick
26875,Hideo Nakata
1174031,George T. Miller
26850,Eduardo Sánchez
127936,Chris Stokes
4967,Colin Higgins
51851,Jake Kasdan
997560,Brett Winn
53767,Roger Vadim
29922,Marcus Nispel
1191051,Blair Erickson
54597,Joe Nussbaum
135534,Léa Pool
145134,Jill Sprecher
115309,Khyentse Norbu
61372,Tony Leech
51918,Harmony Korine
132856,Tim Heidecker
1113116,Andy Muschietti
17016,Neil Jordan
7213,Jonathan Mostow
7399,Ben Stiller
83730,Jonathan English
1196522,Jeffrey St. Jules
1140160,Randy Moore
17597,Juan Carlos Fresnadillo
44847,David Anspaugh
25735,Christian Duguay
76095,Jennifer Finnigan
1243,Woody Allen
57492,Morgan Spurlock
1027145,Andrew J. Smith
774,"Daniel Petrie, Jr."
15217,Zack Snyder
55075,Jeff Wadlow
550858,Qasim Basir
1352997,Kabir Sadanand
1413504,Shyam Madiraju
844266,Jon Erwin
144528,Bruce MacDonald
21657,Vera Farmiga
56660,Lorna Cook
119417,Gavin Wiesen
233519,James David Pasternak
56501,Michael Spierig
2260,Steven Zaillian
75687,Christian Robinson
86662,David Sington
63943,Rowdy Herrington
105313,James Mottern
21879,Simon Wells
229962,Mike Thurmeier
93905,Allan Dwan
43518,Lawrence Kasanoff
1215,Raja Gosnell
75882,S.R. Bindler
66121,"George Tillman, Jr."
58552,Burr Steers
57962,Mort Nathan
1150,Brian De Palma
48980,David McNally
14597,Gaspar Noé
132812,Jonathan Parker
29783,Fred Durst
27728,Leslie H. Martinson
5524,Andrew Adamson
64194,Paweł Pawlikowski
1066308,Aaron T. Wells
120246,Huck Botko
12114,Michael Cimino
119953,Gabe Ibáñez
1571422,Warren Sheppard
64901,Gordon Chan
131242,Anthony Bell
4489,Steve Oedekerk
57898,William Malone
19311,Stephen Chbosky
52358,Boaz Yakin
12632,Daniel Sackheim
55420,William Arntz
2293,Frank Miller
56710,Oliver Parker
991868,Ari Sandel
11012,Michael Dougherty
89395,Katherine Dieckmann
113799,Frank Perry
29605,Mikael Håfström
111745,Frank Sebastiano
57173,Jeff Lowell
1414864,Mor Loushy
16863,Todd Haynes
71548,Peter Sollett
14639,Mel Brooks
49903,Tim Hill
110873,Igor Kovalyov
224,David Cronenberg
586002,Andrew Haigh
33183,David Bowers
53014,Jessica Bendinger
29524,Rand Ravich
930629,Jamie Travis
71527,Marco Schnabel
228,Ed Harris
65133,Marcus Raboy
1056121,Ryan Coogler
942251,Rachel Perkins
11887,Brad Silberling
1360439,Collin Joseph Neal
5469,Ralph Fiennes
40508,James Cox
81476,Ariel Vromen
4786,Richard Attenborough
33192,Joel Edgerton
52114,Jon Lucas
1044257,James Swirsky
234818,Christopher Erskin
101515,Robinson Devor
15218,James Gunn
130051,Craig Moss
70238,Chris Williams
82511,Will Gluck
559968,Leslie Small
2461,Mel Gibson
13235,Alexander Payne
62556,Fred Walton
1532382,Joseph Mazzella
1205756,Patrick Gilmore
10601,Joseph L. Mankiewicz
64114,Edward Dmytryk
130837,Stewart Hendler
5691,Samuel Armstrong
1366270,Wade Gasque
20907,Antoine Fuqua
1577521,Manuel Marín
132239,Babak Najafi
93911,Terence Davies
60621,Jeff Franklin
15663,Joseph Sargent
1723,Walter Hill
554946,William Sachs
94831,Maggie Greenwald
2876,Matt Dillon
92935,Don Kempf
74626,Dan Reed
1491995,Rick de Oliveira
1035,Paul Schrader
1375066,Stuart Ortiz
84833,Zach Cregger
74259,Brian Dannelly
52371,J.S. Cardone
52779,Ryan Murphy
21053,John Dahl
98103,Richard Ayoade
1519326,Justin Paul Miller
69237,Joe Berlinger
558177,Jonathan Newman
36797,Robert Luketic
120515,Theodore Witcher
72344,Asger Leth
1018699,Corey Grant
141688,Gary McKendry
53935,Dito Montiel
8300,Kevin Reynolds
121830,Nathan Greno
1179590,Scott Walker
40256,D.J. Caruso
18323,Marc Lawrence
78545,Conor McMahon
11429,Hamilton Luske
631226,Arjun Sablok
1284493,R.J. Cutler
6720,Joan Chen
1401541,Travis Cluff
117075,Henry Jaglom
508,David Koepp
18308,Steve Barron
14875,Robert Rossen
1039544,Nnegest Likké
58822,Danny Steinmann
20824,Perry Andelin Blake
556172,J.C. Chandor
30149,Mikael Salomon
8297,Roger Avary
70076,Russell Friedenberg
69597,Drew Barrymore
54734,Evan Goldberg
16544,Ted Kotcheff
5174,Barry Sonnenfeld
4109,Michael Curtiz
2675,Darren Lynn Bousman
10965,Chris Columbus
52094,Jerry Jameson
933739,Zal Batmanglij
65629,Bibo Bergeron
52968,Russell Mulcahy
77062,Damian Nieman
107446,Phil Lord
85563,Brian Herzlinger
23287,Andrew Jarecki
996070,Charles Adelman
49605,Ekachai Uekrongtham
86051,Joshua Logan
34453,Kevin Bray
31621,Jeff Burr
57134,James Wong
31211,Clive Barker
93301,Jun Falkenstein
68844,Hayden Schlossberg
9048,Clark Gregg
307546,Jim Hanon
53599,Andrew Morahan
119819,Anurag Basu
53177,Brian Robbins
65134,DJ Pooh
56263,Mary Lambert
1161761,Catherine Gund
129514,Peter H. Hunt
566314,Brian Caunter
228643,Morgan Neville
61848,James Dodson
88506,Joel Paul Reisig
114597,Julie Anne Robinson
102634,Katt Shea
34740,Edmund Goulding
5501,Gary Fleder
31511,Grant Heslov
130482,Mary McGuckian
1501366,Simeon Rice
53334,Jim Sheridan
78914,Noam Murro
1346215,Lluís Quílez
16391,Julie Taymor
46297,Jay Russell
58375,Andy Fickman
1158417,Victor Teran
1030160,Richard Raymond
74299,Pixote Hunt
15175,William Friedkin
1128,Agnieszka Holland
20305,Christopher Roberts
9039,John Ottman
7397,Ed Decter
52629,Joseph Ruben
12840,John Badham
37626,Patrice Leconte
129941,Alan Shapiro
1044250,Panos Cosmatos
1395853,Mauricio De la Orta
12640,David Duchovny
63306,James Watkins
1330499,Daniel Garcia
21506,George Sidney
138,Quentin Tarantino
44113,Steve Hickner
201,Michel Gondry
5216,Gus Van Sant
141450,Mel Smith
65420,Louis Morneau
23968,Phil Alden Robinson
110876,Rachel Goldenberg
6400,Tom DiCillo
77003,Gavin O'Connor
82337,Wash Westmoreland
73833,Bo Zenga
72543,Sam Firstenberg
35796,Craig Mazin
110427,Kriv Stenders
39822,Rich Cowan
145304,Udayan Prasad
56736,Xavier Palud
2034,Danny Boyle
25950,Jean-Paul Rappeneau
72467,Thaddeus O'Sullivan
15811,John Musker
5834,Robert Stevenson
7482,Julian Schnabel
880,Ben Affleck
137427,Denis Villeneuve
18254,Simon Wincer
59646,Kinka Usher
66116,Mark Brown
1174438,Ian Gamazon
31074,Kinji Fukasaku
12881,Gary Goldman
24528,Matthew R. Anderson
143079,Christian E. Christiansen
47005,Alan Taylor
47333,John Wells
8500,John Ford
229097,Lionel C. Martin
82222,Emmett Malloy
82822,Phil Claydon
76245,Adam Carolla
26714,John R. Leonetti
40199,Anthony Mann
90525,Douglas Cheek
65677,Don Mancini
1280031,Mona Lerche
95818,Eric Blakeney
14172,Michael McCullers
589159,Matt Piedmont
16960,Valerie Faris
21526,Rod Lurie
57154,Lance Hool
20779,Gary Sinyor
72427,Alan Rudolph
550857,Tim Chambers
17867,Tom McCarthy
7832,Oliver Hirschbiegel
126638,Mark Andrews
62048,Kirk Wise
10400,Barbra Streisand
16214,Mario Van Peebles
59291,Alexandre Aja
122728,Charles Matthau
551463,Mike Flanagan
57646,Henry Selick
1098477,Callan Brunker
138857,Jacques Cluzaud
226089,Scott Moore
16305,David Levien
129718,Shana Feste
78298,Mike Nawrocki
1098,Mark Helfrich
55421,Betsy Chasse
2765,Nicholas Ray
11011,Zak Penn
31024,Betty Thomas
5892,David Hewlett
19303,Kevin Smith
108497,David Caffrey
17698,Nancy Meyers
6198,Vondie Curtis-Hall
114004,Noah Buschel
1194681,Michael Skolnik
88039,Steven R. Monroe
92743,Jamin Winans
212,David Cross
1223,Joel Coen
87178,Michael O. Sajbel
1288700,Collin Schiffli
64508,Sidney J. Furie
78188,Whit Stillman
96676,Tomm Moore
17046,Gary Winick
81856,Nicholas Jarecki
1070682,Fernando Baez Mella
136153,Peter Atencio
876,Jonathan Hensleigh
1088647,Maggie Carey
1032536,Robert Stromberg
37932,F. Gary Gray
77441,Darren Grant
56106,Charles Shyer
12095,Cody Cameron
41670,Rebecca Miller
66193,Chris Sanders
8023,Kyle Balda
27226,Patrick Lussier
82840,Dana Adam Shapiro
19499,Kevin Munroe
1120694,Jennifer Lee
11343,David Yates
18878,Rob Cohen
58448,Penelope Spheeris
95320,Rodrigo Cortés
57521,Steve Beck
113225,Alan Poul
116653,Lance Mungia
61175,John Whitesell
55439,Patricia Rozema
119419,Deon Taylor
2632,Chris Rock
46076,Tom Dey
98521,Floria Sigismondi
76927,Tommy Wirkola
83287,Lynne Ramsay
72034,Jacob Aaron Estes
168349,Shane Dawson
56412,John Requa
58897,Sam Fell
57454,Jonathan Jakubowicz
9778,Ice Cube
40223,Joe Carnahan
13927,Kurt Wimmer
64796,Tom Holland
40230,Kevin Hooks
102797,Robert Marcarelli
78021,Lloyd Kaufman
18844,John Madden
82413,Jack Conway
98541,Michael Hoffman Jr.
60129,Susan Stroman
1241,John Turturro
24248,Nigel Cole
70520,Shane Meadows
1216147,Anthony Hemingway
1769,Sofia Coppola
59803,Brenda Chapman
932993,Jamaa Fanaka
15521,Ernest R. Dickerson
1398500,Tadeo Garcia
16888,Ralph Nelson
6495,Mira Nair
63713,Martha Coolidge
130816,Jesse Peretz
5713,Chris Wedge
97942,Jonathan Teplitzky
63052,Julian Gilbey
95972,Hans Petter Moland
15868,Uli Edel
1272994,Jonathan van Tulleken
41549,Andrew Fleming
1300274,Jason Zada
16589,Peter MacDonald
4319,Stacy Peralta
92834,Randall Rubin
29342,Noel Marshall
836732,Jake Schreier
231521,Eric Styles
66728,Jonathan Glazer
1062805,John Maclean
20030,Jacques Perrin
30365,Michael Caton-Jones
222098,Justin Molotnikov
1128550,Timothy Hines
27992,Brian Yuzna
1038,Jodie Foster
12987,David Zucker
40,Orson Welles
35453,Pierre Morel
103031,Eric Nicholas
94222,David Pastor
115677,Coky Giedroyc
36187,Bob Gosse
16484,Joey Lauren Adams
56383,Kelly Reichardt
52701,Fergal Reilly
6767,Larry Charles
568322,Dan Trachtenberg
15344,J.J. Abrams
72450,Bob Saget
112289,Chris Shadley
66777,Bob Fosse
25598,Paul Greengrass
116832,Patricia Cardoso
94011,Bill Melendez
26205,James Bobin
15810,Ron Clements
24,Robert Zemeckis
13265,Franklin J. Schaffner
96677,Nora Twomey
1211000,Tom Gormican
21370,Roger Donaldson
65855,Ralph Zondag
152249,Jim O'Hanlon
16356,Steve Bendelack
51534,Lucky McKee
18669,J. Lee Thompson
36602,Peter Berg
439236,Zackary Adler
582918,Nick Murphy 
55499,Scott Derrickson
54644,Joel Zwick
582841,Tom Seidman 
74878,Tay Garnett
1122434,Chris Atkins
122842,Rich Christiano
17279,E. Elias Merhige
56953,Gene Quintano
550681,Nick Tomnay
14838,James Bridges
107730,Tran Anh Hung
61411,Mark Dindal
10757,Jane Campion
6737,Jay Roach
113733,Britt Allcroft
1331465,Andrew Hyatt
61847,Ethan Maniquis
21183,Nicolas Winding Refn
16958,Randy Barbato
57777,Darin Scott
62768,William Brent Bell
2226,Sydney Pollack
21371,Amy Holden Jones
74924,Mabrouk El Mechri
53333,John Hillcoat
1214860,Linda Mendoza
9181,Edward Zwick
81328,Andrew Traucki
145605,Harry Beaumont
194915,Robert Bennett
58656,Doug Lefler
142587,Greg Tiernan
20019,Lee Daniels
101666,Paul King
79656,John Schultz
15287,Niki Caro
131870,Daryl Wein
1409418,Tuck Tucker
33316,David Nutter
21677,Barnaby Thompson
20133,Tod Williams
10076,Lewis Gilbert
15672,Nadia Tass
114396,John Reinhardt
5714,Carlos Saldanha
141825,Rusty Cundieff
72206,Robert Pulcini
3632,Richard Brooks
2690,Peter Weir
1456123,Dena Seidel
29705,Jerry Belson
16919,Olivier Dahan
15858,Tim Hunter
74297,Hendel Butoy
1425142,Matt Jackson
84962,Stiles White
7396,Peter Farrelly
87130,Mark A.Z. Dippé
9108,Don Taylor
6482,John Singleton
39,Sam Mendes
74298,Francis Glebas
20412,Michael Anderson
17167,Andy Tennant
1168852,Dave Carroll
18069,Brian Gibson
16957,Fenton Bailey
109978,Ian Fitzgibbon
9868,Peter R. Hunt
28904,Hugh Wilson
58164,Annabel Jankel
1560279,Neil Mcenery-West
2042,Stephen Hopkins
102445,John Sayles
1514634,Darren Press
1321304,Patrick Ryan Sims
76247,Charles Herman-Wurmfeld
115627,Kevin Hamedani
10395,Jon Poll
64754,Andrew Currie
71042,Jay Levey
21339,Jez Butterworth
938682,Patrik Forsberg
105882,Neema Barnette
94155,Stefan Schwartz
68843,Jon Hurwitz
86296,Jason Maurer
39996,Sidney Lumet
7678,Hart Bochner
1979,Kevin Spacey
50719,Rodman Flender
10781,Michael Apted
84461,Alice Wu
53708,Ira Sachs
99710,Vidhu Vinod Chopra
16395,Gregory Nava
18868,Jerome Robbins
9200,John McNaughton
60922,Josh Gordon
16837,Mark Steven Johnson
56059,Patrick Read Johnson
61371,Todd Edwards
20561,James Gray
4759,David Kellogg
1318092,Paul J. Lombardi
141706,Chuck Sheetz
11916,Liv Ullmann
1343876,Sai Varadan
64141,David Gordon Green
92837,Jon Schroder
3111,Alexandre Rockwell
64151,Mike Mitchell
1099862,Dean Israelite
87360,Michael Taliferro
13524,Christopher Guest
151007,Peter Ramsey
5345,Bennett Miller
44179,Bruce Hunt
64061,Fred Schepisi
1004172,Mora Stephens
109695,Jeffrey W. Byrd
1236679,Jonathan M. Goldstein
1448551,Mina T. Son
18378,Herbert Ross
72960,Alejandro Monteverde
11694,Doug Liman
34849,Ted Demme
16187,Jeannot Szwarc
48498,Mickey Liddell
567558,Joe Cross
51023,Marcus Dunstan
197,David Silverman
84061,Daniel Barnz
35595,Scott Foley
12698,Bob Clark
119367,Robert Cary
30165,Mark Sandrich
554900,Clark Baker
140086,Matt Cimber
1461,George Clooney
1262481,Alessandro Carloni
122582,Jake Paltrow
80384,Paul Andrew Williams
63477,Ryan Little
58324,Jean-François Richet
80006,Jon Knautz
258199,Michael Martin
17439,Mike Mills
15277,Jon Favreau
1310498,Ivan Kavanagh
58245,Don Coscarelli
557883,David Evans 
58178,David Mirkin
1188585,Kevin King
68212,Carroll Ballard
14392,Kathryn Bigelow
54040,John Lee Hancock
67619,Guy Green
57328,Barry W. Blaustein
73289,Conor McPherson
145169,Martyn Pick
21278,Alan Alda
17403,Mike Judge
1670361,Catherine Owens
64163,Kimble Rendall
38131,Sergey Bondarchuk
13615,Harry Elfont
12079,Kelly Asbury
229568,Lisa Azuelos
23590,David LaChapelle
32278,Matt Reeves
84851,Hoyt Yeatman
47201,Emily Young
23880,Steven Seagal
17329,Neil Burger
19228,Jim Fall
936154,Stephen St. Leger
72024,Malcolm D. Lee
24657,Franco Zeffirelli
146883,Paul Fierlinger
488,Steven Spielberg
80570,Walter Lang
74106,Anne Sundberg
120247,Andrew Gurland
6011,Michael Haneke
64191,Lawrence Guterman
131060,Chris D'Arienzo
80307,Andy Cadiff
58294,George Armitage
80691,Gary Chapman
11357,Bruce Campbell
1707,Stuart Beattie
12989,Andrew Davis
227438,Stephen Anderson
17649,Alexander Witt
1070340,Simon Yin
117052,Jorge Blanco
1137903,Sam Taylor-Johnson
58137,Chris Noonan
74159,Robert B. Weide
1088096,James Nunn
11431,Ford Beebe
638,Michael Mann
1462,Tim Blake Nelson
66681,Matt Bettinelli-Olpin
62514,Tommy O'Haver
1310518,Colin Minihan
35005,Jeremy Brock
4339,Paul Crowder
1579630,Will Graham
948217,Bill Benenson
24045,Joseph Gordon-Levitt
109745,Lee Toland Krieger
4610,John Landis
27436,Costa-Gavras
19684,Bille August
47893,Gary Nelson
123990,Reed Cowan
11614,M. Night Shyamalan
56661,Jonathan Levine
3556,Roman Polanski
4027,Frank Darabont
66496,Adrienne Shelly
60149,Nicholaus Goossen
225976,Dan Scanlon
66222,James Fargo
21085,Alex Proyas
62541,Brandon Camp
1275019,Tom Walsh
19003,Heidi Ewing
280,Terry Gilliam
33349,Derick Martini
22239,Travis Zariwny
15774,Chris Buck
10586,Richard Lester
38774,Ray Lawrence
12219,Jon Stewart
137475,Richard J. Lewis
9339,Lilly Wachowski
56411,Glenn Ficarra
58165,Rocky Morton
366,James Mangold
56154,Antony Hoffman
65298,Brian Henson
33094,Gary Sherman
133684,Tim Boxell
228311,Keith Parmer
58403,Glen Morgan
168667,Jason Moore
15890,James Foley
12936,Jim Abrahams
41887,Michael Polish
23858,Harley Cokeliss
1045480,Meiert Avis
1044,Michael Chapman
1521130,Andrew Steggall
150641,Gary Halvorson
1158156,Marcos Martínez
583023,Frank LaLoggia
64227,Brandon Trost
16848,Rob Zombie
71418,Demian Lichtenstein
10930,Irvin Kershner
19333,Dick Richards
14855,Frank Borzage
12523,Rob Bowman
228041,Márcio Garcia
957,Matthew Vaughn
95024,Bobcat Goldthwait
58072,John Pasquin
86293,Robert M. Young
34481,Matt Williams
130128,Jonas Elmer
32593,Steven Brill
223516,Benh Zeitlin
55252,Tim Miller
5231,Wolfgang Petersen
65734,Luke Greenfield
227439,Don Hall
15358,Vic Armstrong
5010,Todd Field
12714,Zack Ward
21807,Billy Ray
126763,Vivek Agnihotri
940807,Jorge Ramírez Suárez
56891,Rachel Talalay
84124,Tina Gordon Chism
229374,Marilyn Agrelo
19271,Anthony Russo
65530,Mike Gabriel
24318,Richard Benjamin
21792,George Gallo
45407,Mark Duplass
92490,Edward Conna
41621,Tony Krantz
1024823,Brian A Miller
5133,Bo Welch
21394,Gerry Lively
65167,Scott Cooper
9281,Elizabeth Banks
17397,Callie Khouri
1726,Steven E. de Souza
6163,Adam Goldberg
4945,Joe Johnston
84834,Trevor Moore
7270,Adrian Lyne
9248,Nora Ephron
66219,Mark Levin
10001,William Wyler
437833,Patricia Riggen
77465,Ash Baron-Cohen
33541,Mark Christopher
56150,Ellory Elkayem
1098107,Wayne Thornley
81727,Darnell Martin
97618,David DeCoteau
190,Clint Eastwood
83281,Lenny Abrahamson
105860,Kevin Carraway
35736,Karan Johar
68281,Justin Kerrigan
16730,Darrell James Roodt
69593,Michael J. Bassett
59466,Jamie Babbit
86194,James Sbardellati
56381,James Toback
893,Tony Scott
78118,Vadim Perelman
12890,Pete Docter
73832,Jessy Terrero
2836,Kimberly Peirce
76230,Diane English
20739,Adam Shankman
90812,Scott Mann
1454563,Aaron Hann
648,Philip Kaufman
5058,Roger Christian
1499089,Tom Sanchez
168330,Ben Lewin
94471,Jon Gunn
13284,Stanley Donen
1115066,Molly Bernstein
18898,Rob Minkoff
545086,Beto Gómez
51445,Eric Valette
66739,Jonathan Liebesman
66517,Andrew Jacobson
54525,Jaume Balagueró
1734565,Jaco Booyens
41285,Kirsten Sheridan
56205,Atom Egoyan
1011,Susanne Bier
13848,Charlie Chaplin
97591,Joel Anderson
16853,Jessie Nelson
21981,Harald Zwart
21712,Carl Franklin
46802,George Ratliff
19850,Catherine Hardwicke
22461,Vincent Gallo
1169157,Timothy Woodward Jr.
16745,Melville Shavelson
17087,Michael Moore
1110102,Michael Tiddes
65314,Giuseppe Tornatore
89467,Bob Giraldi
928490,Camille Delamarre
75646,Bryan Barber
56998,Dwight H. Little
107039,Sacha Bennett
56173,Mike Marvin
5446,David Hand
41039,Judd Apatow
5149,Bonnie Hunt
80671,John Sanford
21404,Kurt Voss
59635,Jerry Zaks
60045,Eric Bross
3388,James L. Brooks
115585,Richard Boddington
1429671,Kirk Loudon
21678,Olivier Assayas
24757,Sylvio Tabet
1269,Kevin Costner
93916,Regardt van den Bergh
8193,Florian Henckel von Donnersmarck
52599,Justin Zackham
9622,Eric Brevig
47506,Drew Goddard
59649,Michael Pressman
143059,Patrick Hughes
67795,Steven Shainberg
56913,Stephen Carpenter
55189,Bruce McDonald
1454884,Cedric Nicolas-Troyan
133790,Michael D. Olmos
113641,Dewey Nicks
968998,Jeta Amata
82641,Paul Fox
18204,Peter Kassovitz
40220,Kevin Brodie
928915,David Gelb
1311595,James Mather
1164825,Gene Teigland
109026,Piyush Dinker Pandya
42518,Peter Care
8843,Mick Jackson
78029,Martin Lawrence
67753,Mark L. Lester
1148217,Analeine Cal y Mayor
57270,Robert Schwentke
5655,Wes Anderson
68770,Mark Rosman
25453,Stefen Fangmeier
59210,Patrick Stettner
57414,Richard Montoya
109905,Lance Kawas
8876,Randal Kleiser
62116,Bille Woodruff
29009,Ken Kwapis
66879,Kresten Vestbjerg Andersen
69737,C. Jay Cox
56474,Shona Auerbach
86037,Jeff Crook
543568,Kim Jee-woon
193390,Jon Matthews
93419,Don Scardino
60243,Rob Schmidt
57434,Amy Heckerling
53267,Craig Brewer
225898,István Szabó
7145,Michael Lehmann
219861,Dinesh D'Souza
223098,Will Canon
16513,John G. Avildsen
54050,Mark Waters
78040,Alex Kendrick
31119,Sylvain White
7313,Steve Box
91268,Ruben Fleischer
78001,Juraj Jakubisko
932248,Fede Alvarez
40307,John Maybury
15378,Carol Reed
135650,Melvin Van Peebles
77357,Rupert Wyatt
3045,P.J. Hogan
222470,Todd Strauss-Schulson
55265,Jonathan Silverman
1384771,Jennifer Wynne Farmer
66983,Tom Kalin
8965,Roland Joffé
57125,Greg Marcks
74971,Jem Cohen
18320,Bronwen Hughes
64743,Adam Marcus
879,Billy Bob Thornton
568822,Mary Pat Kelly
43141,Pete Travis
4065,Fred Zinnemann
1265056,Jorge R. Gutierrez
67896,Doug McHenry
64140,Sanaa Hamri
97579,Guy Maddin
43673,Tom Reeve
71555,Andrew Wilson
1103,Bill Duke
440517,Steve Taylor
58094,Gillian Armstrong
18635,Ted Post
1096867,Thea Sharrock
158835,Sharron Miller
11434,Wilfred Jackson
66191,Barry Cook
61970,Ben Gluck
13426,Peter Segal
108,Peter Jackson
74396,Tomas Alfredson
1046142,Benson Lee
101767,Robert Butler
1100753,Ryan Smith
55476,Nicholas Hytner
31093,Yvette Kaplan
32427,W.S. Van Dyke
865,Michael Bay
88967,Greg Berlanti
1032,Martin Scorsese
583893,Ronan Chapalain
583894,Pascal Vuong
11090,Edgar Wright
814,Tony Kaye
134639,Jim Goddard
151460,John Sullivan
74655,Jeremy Saulnier
63852,Warren P. Sonoda
52845,Karey Kirkpatrick
94075,David Soren
8557,Fernando Meirelles
11448,Allen Hughes
20921,Monte Hellman
7131,Larry Karaszewski
884,Steve Buscemi
65242,Jack Perez
22214,David Wain
31,Tom Hanks
130822,Trent Cooper
78562,Phil Traill
70738,Gary David Goldberg
479587,Dylan Bank
19866,Guillaume Canet
934803,Josh Trank
1176,Lone Scherfig
1302082,David F. Sandberg
12786,Simon West
3026,Rob Reiner
125324,William Eubank
74339,Dave Willis
2223,Fred Savage
1884,Steven Soderbergh
1109245,Digby Cook
7623,Sam Raimi
85822,Anthony C. Ferrante
90575,Daniel Schechter
157879,Alison Maclean
70651,Stephen Hillenburg
59229,Damien Dante Wayans
138322,Victor Nunez
8844,Lawrence Kasdan
819,Edward Norton
25873,Jon Cassar
6593,John Huston
58514,Jim Sonzero
7087,Brad Bird
67834,Floyd Mutrux
51521,Robert Greenwald
19769,David Ayer
51984,Mimi Leder
155531,Joe Cornish
10707,Terry Jones
73460,Saul Dibb
74436,Olly Blackburn
1387618,John Stephenson
52576,José Padilha
99496,Raymond De Felitta
937340,Harold Cronk
109640,Doug Atchison
13980,Vincente Minnelli
16566,George P. Cosmatos
126125,Bill Plympton
29648,Dan Curtis
70500,Tom Hooper
1375627,Sharon Greytak
22558,Nils Gaup
95550,Avi Nesher
6220,Gurinder Chadha
60024,Liz Friedlander
20400,Tim Story
1263945,Damir Catic
94220,Àlex Pastor
155945,Jack Heller
42617,Antonia Bird
52044,David Winning
1019303,Duke Johnson
2294,Robert Rodriguez
5917,Ernie Barbarash
2150,Kevin Greutert
93047,Joshua Seftel
27889,Stephan Elliott
54733,Greg Mottola
82335,Richard Glatzer
5572,Joel Schumacher
1027018,Jane Lipsitz
34692,Craig Bolotin
21217,Jonathan Lynn
11181,Kenneth Branagh
130687,Erik White
11777,Tommy Lee Wallace
1253596,Simon Napier-Bell
930710,James Ponsoldt
1031972,Paul Bunnell
93022,Sol Tryon
71551,Lorene Scafaria
71729,Steve Martino
61357,Geoffrey Sax
14911,Penny Marshall
4387,François Ozon
100036,D.W. Griffith
7312,Angela Robinson
140354,Ulu Grosbard
1085923,Dror Moreh
71068,Phyllida Lloyd
13614,Deborah Kaplan
15002,Dean Parisot
6159,Ron Howard
67781,Peter Kosminsky
26648,Luis Llosa
1360240,Jim Chuchu
1108,Shane Black
1219210,Mark Piznarski
117168,Hank Braxtan
158480,Dan Zukovic
126910,Derrick Borte
134306,Kevin Sullivan
1018728,Jorge Gaggero
2523,Stuart Baird
989831,Nicholas Fackler
7017,Roger Michell
1144092,Matt Johnson
63550,Tom McLoughlin
137064,Robert Moresco
125044,Babar Ahmed
285452,Pete Jones
3290,Peter Hedges
132964,Drake Doremus
9894,Bernhard Wicki
232937,Cheryl Dunye
12920,David S. Ward
57030,Gregor Jordan
170820,Ben Falcone
4037,Ron Shelton
1031144,Chad Hartigan
228177,William Kaufman
2128,Leigh Whannell
40541,Andrea Di Stefano
67717,Michel Hazanavicius
998842,Efram Potelle
44056,Fred Dekker
72757,Steve McQueen
77775,Marianna Palka
86295,Marc F. Adler
129921,Kief Davidson
66800,Morgan J. Freeman
36423,Tom Green
62047,Gary Trousdale
65594,John Michael McDonagh
54827,Dave Meyers
68185,Eric Schaeffer
58498,Dominic Sena
1324172,Jeremy Degruson
57630,Peter Cattaneo
71600,Seth Gordon
73668,James Melkonian
53304,Peter Lord
114404,Miguel Sapochnik
2406,Mathieu Kassovitz
1460398,Kristin Rizzo
140151,William Bindley
54584,Jesse Dylan
17510,Ol Parker
223909,Hue Rhodes
66960,Dennie Gordon
1108711,John Laing
932013,Deryck Broom
55441,David Boyd
2778,Dennis Hopper
6818,Werner Herzog
62863,Jorma Taccone
261271,Maurice Joyce
561061,Neil Nightingale
77076,Michael Corrente
111944,Bobby Roth
1024216,Boris Rodriguez
21931,Chris Nahon
78297,Phil Vischer
24294,Ben Younger
78012,François Girard
13348,Howard Hughes
2679,David Hackl
120245,Daniel Stamm
939176,Becky Smith
129894,Gareth Edwards
89981,László Benedek
1116801,Sue Corcoran
1744,Robert Wise
57090,Brett Leonard
587519,Paolo Monico
16959,Jonathan Dayton
1208166,Brian Dorton
55948,Alan Smithee
1219769,Peter Cousens
1748,William Shatner
116330,Patrick Creadon
76418,Stuart Gillard
1041549,Justin Thomas Ostensen
208138,Daniel Hsia
131388,Bradley Rust Gray
59026,Peyton Reed
1312905,Rohit Jugraj
21692,Hironobu Sakaguchi
89216,Robert D. Webb
57055,Mitchell Lichtenstein
146026,D. Stevens
51600,Clare Kilner
54025,Karyn Kusama
1401542,Chris Lofing
65627,Kris Isacsson
20193,Mark Neveldine
35689,Keenen Ivory Wayans
44114,Simon J. Smith
59975,Michael D. Sellers
1046127,Jason Stone
145142,Ciaran Foy
77123,Gonzalo López-Gallego
1150712,Tommy Oliver
59126,Alister Grierson
84736,Ivan Passer
114596,Jake Goldberger
7314,Nick Park
1330498,Rania Attieh
37630,Shekhar Kapur
21673,Ericson Core
5292,Denzel Washington
12964,Michael Ritchie
1110343,Lauren Lazin
956,Guy Ritchie
151092,Eric Eason
15045,Michael Lembeck
2945,Stephen Gaghan
323,Curtis Hanson
20310,Takashi Shimizu
2291,Paul McGuigan
44740,Richard Shepard
66604,Joe Charbanic
45459,Mike Cahill
109692,David E. Talbert
61373,Cory Edwards
58260,Martin Weisz
3451,Mel Stuart
2419,Jean-Pierre Jeunet
108072,Ruba Nadda
67910,David Atkins
5696,Bruce Beresford
232190,U. Roberto Romano
114925,Richard Dutcher
8328,John Milius
1262197,Peter Lepeniotis
1375378,David Ray
76248,Kevin Hench
190339,Ian Iqbal Rashid
17812,Gregory Hoblit
1270,Charles Martin Smith
6449,Warren Beatty
41378,Kerry Conran
196769,Jonathan Wacks
9340,Lana Wachowski
557179,Ed Gass-Donnelly
52870,Tim Johnson
302339,Lance Rivera
3950,Len Wiseman
141824,George Jackson
165787,Rich Moore
7130,Scott Alexander
17835,Ricky Gervais
12112,Douglas Trumbull
51298,Dax Shepard
29962,King Vidor
17114,John Cameron Mitchell
1614,Ang Lee
63820,Christian Ditter
12648,Bob Dolman
12846,William A. Fraker
55299,Mark Herman
65865,Damien O'Donnell
68574,Brad Copeland
1058138,Peter M. Cohen
19304,John Schlesinger
23964,Gary Ross
4600,Joe Dante
564,Richard Linklater
1141683,Theodore Melfi
11428,Paul Satterfield
26760,Tsui Hark
288712,Kurt Hale
66823,Joseph Kahn
54248,Christopher B. Landon
64211,Franck Khalfoun
1291408,Matthew Watts
60099,Gideon Raff
930707,Colin Trevorrow
34611,Howard Zieff
4590,Russ Meyer
95687,Robert Kenner
28741,Michael Rymer
57581,Neil Marshall
150347,John Dower
68573,Walt Becker
1736589,Danny Provenzano
42994,David Dobkin
155267,Christopher Miller
69801,Alan Metter
474199,Alex Ranarivelo
107168,Stephen Kijak
110726,Joseph Green
12905,Ash Brannon
57193,Gil Kenan
930628,Lori Silverbush
37618,Andrew Dominik
23532,Jason Bateman
16847,Eli Roth
58728,Andrei Konchalovsky
56506,William Dear
105363,Kate Connor
53212,David Jacobson
567559,Kurt Engfehr
5877,Vincenzo Natali
6884,Patty Jenkins
16938,Renny Harlin
87121,Vic Sarin
88323,Pat Holden
111588,J Blakeson
125544,Tim Fywell
5342,Mike Nichols
90429,Mike McCoy
68215,Reginald Hudlin
1046494,Kris Pearn
1393858,Stanton Barrett
142312,Jennifer Yuh Nelson
90,Isabel Coixet
84165,Michael Dinner
37852,George Hickenlooper
1454564,Mario Miscione
146275,Joseph Graham
83224,Jamie Thraves
30293,Arthur Rosson
56147,Paul Brizzi
23393,Barbet Schroeder
12098,Chris Miller
52856,Hunter Richards
1058257,Emily Dell
1562421,Eric Bugbee
65190,Philip G. Atwell
88837,Larry Blamire
2636,Alfred Hitchcock
11091,Brett Ratner
968303,Javier Abad
161932,Jim Rash
65678,John Lafia
94787,Joe Camp
91252,Alex Rivera
21475,John Putch
1301700,Bruce Dellis
64909,Jean-Marie Poiré
16785,Peter Webber
64331,Shim Hyung-Rae
219961,Kim Farrant
559,Wally Pfister
25210,Jeremy Leven
19142,Kenneth Johnson
76705,Preston A. Whitmore II
52609,Breck Eisner
11447,Albert Hughes
468,Stephen Daldry
83070,Scott Marshall
9168,Alan Parker
4782,Michael Crichton
55587,Peter Stebbings
53178,Mike Tollin
66203,Moustapha Akkad
58316,John Fortenberry
11057,Robert Towne
1645102,Jason Miller
58036,Kirk Wong
47364,Greg Coolidge
230157,Dominic Burns
91389,Mars Callahan
1184450,Sut Jhally
217587,Leslye Headland
18596,Taylor Hackford
9577,George Roy Hill
1184745,Joe Marino
45052,Anton Corbijn
39819,Wayne Wang
1081445,Brandon Cronenberg
62872,Katja von Garnier
52849,Louis C.K.
11427,William Roberts
5192,Marco Kreuzpaintner
1553042,Justin Dillon
84437,Gabriela Tagliavini
80537,Dave Borthwick
56359,Lexi Alexander
17764,Charles S. Dutton
4081,Stanley Kramer
15337,John Polson
1434686,Scott Dow
12995,Marc Forster
10099,Park Chan-wook
57082,John Stockwell
90492,Lynn Shelton
65856,Eric Leighton
47640,Clark Johnson
14409,David Schwimmer
41671,Nimród Antal
4762,Paul Thomas Anderson
101542,Ti West
90508,Ruairi Robinson
161858,David Raynr
985146,Jonathan Meyers
104507,Steve Gomer
37710,Peter Hyams
139537,William Gazecki
102627,Steve Carver
118463,Peter DeLuise
121873,Debra Granik
63983,Roger Nygard
3417,Tony Goldwyn
19242,Tony Gilroy
58292,Aaron Schneider
60923,Will Speck
16590,Sheldon Lettich
15309,Lori Petty
564083,Tatiana von Furstenberg
1434341,Jim Issa
5140,Wes Craven
7791,Peter Howitt
4723,Brian Helgeland
944713,John Stainton
61983,Jason Marsden
81850,Duncan Jones
1410294,Stephen Greene
1134201,Edward Hall
58220,Hugh Hudson
139098,Derek Cianfrance
18854,Martin Ritt
124783,Perry Lang
110834,John Murlowski
34891,Mike Johnson
116357,Scott Stewart
146884,Sandra Fierlinger
11873,Roger Kumble
86437,John Eng
58059,Chris Koch
942084,Mark Illsley
86270,Joseph Kosinski
65548,Rick Friedberg
991853,David Rodriguez
1289580,Daniel Mellitz
11472,Irwin Winkler
82101,Robert Hall
6037,Colin Strause
78481,Hans Canosa
92287,Alex Craig Mann
46085,Luis Mandoki
10995,David Hayter
1448550,Sara Newens
73112,John Simpson
527607,Sean Durkin
71923,Shane Acker
89824,Jon Wright
7767,Sam Peckinpah
76462,Richard Schenkman
1467662,Charlie Levi
1555903,Étienne Faure
114646,Jesse Vaughan
3087,Robert Duvall
13563,Norman Jewison
8685,Andrew Niccol
70415,Tony Maylam
42175,Richard Stanley
133502,Simon Curtis
12028,John Moore
16378,Mary Harron
1053420,Josh Boone
3191,Risa Bramon Garcia
1677569,Ken Roht
12238,David Lean
93288,Sarah Gavron
116100,Richard Williams
37948,Brad Anderson
50582,Frederik Du Chau
88970,Ralph Ziman
17883,David O. Russell
96166,John Curran
142276,Ariel Schulman
70616,Gerald Potterton
23677,Joe Pytka
1187609,W.D. Hogan
1257827,Max Joseph
68412,Toshio Masuda
5367,Zach Braff
173607,Bruce Paltrow
2691,Tom Schulman
